tilte,url
용인물류센터 여성 작업자 모집합니다.,https://www.albamon.com/jobs/detail/100762281?productCount=1
[초코렛선별포장]주야2교대/남여/상여450분할/주5일근무,https://www.albamon.com/jobs/detail/100943030?productCount=2
봉추찜닭 명동점에서 주5일 근무(주말 휴무) 홀직원을 모집합니다.,https://www.albamon.com/jobs/detail/100904091?productCount=3
"[마포 공덕역연결]홀서빙정직원, 주방알바구해요",https://www.albamon.com/jobs/detail/100880549?productCount=1
서울/9호선/국회의사당역에서3분/분위기좋은호프집에서 즐겁게일하실분&&&&,https://www.albamon.com/jobs/detail/100943019?productCount=1
[델리커리 수원AK점] 주방직원 채용,https://www.albamon.com/jobs/detail/100942997?productCount=1
[주6일][사당역]야간 단순검수 알바 모집,https://www.albamon.com/jobs/detail/100915136?productCount=1
"컴포즈커피 호반써밋점 평일 마감(목,금) 구합니다",https://www.albamon.com/jobs/detail/100943013?productCount=1
[공공기관/삼성역]수출 품목 심사판정 전화응대 및 사무보조 채용(단기),https://www.albamon.com/jobs/detail/100904101?productCount=1
[키친후가] 직원 구인 / 주 5일 근무제 /경력에 따라 급여 차등지급,https://www.albamon.com/jobs/detail/100943011?productCount=1
[비와별닭갈비 안성스타필드] 홀. 주방직원 월300 구인합니다.,https://www.albamon.com/jobs/detail/100943009?productCount=1
[yes24 파주]2주 / 13시-10시 / 오후 알바 채용,https://www.albamon.com/jobs/detail/100943005?productCount=1
영어가 자유로운 선생님 모십니다.,https://www.albamon.com/jobs/detail/100943002?productCount=1
[ 중앙그룹 ] 중앙홀딩스 법무홍보실 임원비서 모집 (비서업무/사무업무),https://www.albamon.com/jobs/detail/100943003?productCount=1
남자/현대기아자동차/주5일근무2교대및 주간고정 선택자유 MCT CNC,https://www.albamon.com/jobs/detail/100892217?productCount=1
숙성 고기 프랜차이즈 숙성의 달인 주방 멤버 모집中,https://www.albamon.com/jobs/detail/100943001?productCount=1
세계과자할인점 빵 판매 알바 모집,https://www.albamon.com/jobs/detail/100942984?productCount=1
"[치과기구소독]장기아르바이트 구합니다(화목오후6-9시, 토9시30-2시)",https://www.albamon.com/jobs/detail/100815673?productCount=1
"[세광양대창 신천시장]시급12,000원/홀 알바 모집합니다.",https://www.albamon.com/jobs/detail/100942985?productCount=1
더벤티(동탄영천파크점) 주말근무자 모집합니다,https://www.albamon.com/jobs/detail/100942987?productCount=1
